Workbook

Sheet Session Details
H1: Order/Listing | I1: Order of current date/ Orders of same day last week -1 | J1: Traffic of current date/ Traffic of same day last week -1 | K1: Overall Conversion of current date/ Overall Conversion of same day last week -1 | L1: Menu/Listing | M1: Cart/Menu | N1: Payment/Cart | O1: Orders/Payment | P1: CONVERSION CHANGES VS PREVIOUS DAY
B2: Date | C2: Listing | D2: Menu | E2: Carts | F2: Payments | G2: Orders | H2: Overall conversion | I2: Order Change with respect to same day last week | J2: Traffic Change with respect to same day last week | K2: Conversion change with respect to same day last week | L2: L2M | M2: M2C | N2: C2P | O2: P2O | P2: L2M Change | Q2: M2C Change | R2: C2P Change | S2: P2O Change
B3: 43466 | C3: 20848646 | D3: 5107918 | E3: 2104462 | F3: 1505532 | G3: 1271572.7 | H3: =IF(C3>0, G3/C3, 0) -> 0.06099066 | I3: {=IF(ROW()-2>7, (G3/INDIRECT("G"&ROW()-7))-1, "")} | J3: {=IF(ROW()-2>7, (C3/INDIRECT("C"&ROW()-7))-1, "")} | K3: {=IF(ROW()-2>7, (H3/INDIRECT("H"&ROW()-7))-1, "")} | L3: =IF(D3>0, D3/C3, 0) -> 0.24499999 | M3: =IF(D3>0, E3/D3, 0) -> 0.41199996 | N3: =IF(E3>0, F3/E3, 0) -> 0.71539995 | O3: =IF(F3>0, G3/F3, 0) -> 0.84460023 | P3: {=IF(ROW()-2>1, (L3/INDIRECT("L"&ROW()-1))-1, "")} | Q3: {=IF(ROW()-2>1, (M3/INDIRECT("M"&ROW()-1))-1, "")} | R3: {=IF(ROW()-2>1, (N3/INDIRECT("N"&ROW()-1))-1, "")} | S3: {=IF(ROW()-2>1, (O3/INDIRECT("O"&ROW()-1))-1, "")}
B4: 43467 | C4: 21934513 | D4: 5428792 | E4: 2171516 | F4: 1569355 | G4: 1261133 | H4: =IF(C4>0, G4/C4, 0) -> 0.057495373 | I4: {=IF(ROW()-2>7, (G4/INDIRECT("G"&ROW()-7))-1, "")} | J4: {=IF(ROW()-2>7, (C4/INDIRECT("C"&ROW()-7))-1, "")} | K4: {=IF(ROW()-2>7, (H4/INDIRECT("H"&ROW()-7))-1, "")} | L4: =IF(D4>0, D4/C4, 0) -> 0.2475 | M4: =IF(D4>0, E4/D4, 0) -> 0.39999985 | N4: =IF(E4>0, F4/E4, 0) -> 0.72270018 | O4: =IF(F4>0, G4/F4, 0) -> 0.80359957 | P4: {=IF(ROW()-2>1, (L4/INDIRECT("L"&ROW()-1))-1, "")} -> 0.010204141 | Q4: {=IF(ROW()-2>1, (M4/INDIRECT("M"&ROW()-1))-1, "")} -> -0.029126472 | R4: {=IF(ROW()-2>1, (N4/INDIRECT("N"&ROW()-1))-1, "")} -> 0.010204408 | S4: {=IF(ROW()-2>1, (O4/INDIRECT("O"&ROW()-1))-1, "")} -> -0.04854446
B5: 43468 | C5: 20848646 | D5: 5212161 | E5: 2001470 | F5: 1402630 | G5: 1138655 | H5: =IF(C5>0, G5/C5, 0) -> 0.054615297 | I5: {=IF(ROW()-2>7, (G5/INDIRECT("G"&ROW()-7))-1, "")} | J5: {=IF(ROW()-2>7, (C5/INDIRECT("C"&ROW()-7))-1, "")} | K5: {=IF(ROW()-2>7, (H5/INDIRECT("H"&ROW()-7))-1, "")} | L5: =IF(D5>0, D5/C5, 0) -> 0.24999998 | M5: =IF(D5>0, E5/D5, 0) -> 0.38400003 | N5: =IF(E5>0, F5/E5, 0) -> 0.70079991 | O5: =IF(F5>0, G5/F5, 0) -> 0.81179998 | P5: {=IF(ROW()-2>1, (L5/INDIRECT("L"&ROW()-1))-1, "")} -> 0.010100907 | Q5: {=IF(ROW()-2>1, (M5/INDIRECT("M"&ROW()-1))-1, "")} -> -0.039999562 | R5: {=IF(ROW()-2>1, (N5/INDIRECT("N"&ROW()-1))-1, "")} -> -0.030303391 | S5: {=IF(ROW()-2>1, (O5/INDIRECT("O"&ROW()-1))-1, "")} -> 0.010204595
B6: 43469 | C6: 21717340 | D6: 5700801 | E6: 2303123 | F6: 1597216 | G6: 1296620 | H6: =IF(C6>0, G6/C6, 0) -> 0.059704365 | I6: {=IF(ROW()-2>7, (G6/INDIRECT("G"&ROW()-7))-1, "")} | J6: {=IF(ROW()-2>7, (C6/INDIRECT("C"&ROW()-7))-1, "")} | K6: {=IF(ROW()-2>7, (H6/INDIRECT("H"&ROW()-7))-1, "")} | L6: =IF(D6>0, D6/C6, 0) -> 0.26249997 | M6: =IF(D6>0, E6/D6, 0) -> 0.40399989 | N6: =IF(E6>0, F6/E6, 0) -> 0.69350009 | O6: =IF(F6>0, G6/F6, 0) -> 0.81180003 | P6: {=IF(ROW()-2>1, (L6/INDIRECT("L"&ROW()-1))-1, "")} -> 0.049999963 | Q6: {=IF(ROW()-2>1, (M6/INDIRECT("M"&ROW()-1))-1, "")} -> 0.052082965 | R6: {=IF(ROW()-2>1, (N6/INDIRECT("N"&ROW()-1))-1, "")} -> -0.010416419 | S6: {=IF(ROW()-2>1, (O6/INDIRECT("O"&ROW()-1))-1, "")} -> 6.9347076e-08
B7: 43470 | C7: 42645263 | D7: 8776395 | E7: 2924294 | F7: 2087946 | G7: 1596026 | H7: =IF(C7>0, G7/C7, 0) -> 0.037425634 | I7: {=IF(ROW()-2>7, (G7/INDIRECT("G"&ROW()-7))-1, "")} | J7: {=IF(ROW()-2>7, (C7/INDIRECT("C"&ROW()-7))-1, "")} | K7: {=IF(ROW()-2>7, (H7/INDIRECT("H"&ROW()-7))-1, "")} | L7: =IF(D7>0, D7/C7, 0) -> 0.2058 | M7: =IF(D7>0, E7/D7, 0) -> 0.33319991 | N7: =IF(E7>0, F7/E7, 0) -> 0.71400003 | O7: =IF(F7>0, G7/F7, 0) -> 0.76440004 | P7: {=IF(ROW()-2>1, (L7/INDIRECT("L"&ROW()-1))-1, "")} -> -0.21599991 | Q7: {=IF(ROW()-2>1, (M7/INDIRECT("M"&ROW()-1))-1, "")} -> -0.17524754 | R7: {=IF(ROW()-2>1, (N7/INDIRECT("N"&ROW()-1))-1, "")} -> 0.029560115 | S7: {=IF(ROW()-2>1, (O7/INDIRECT("O"&ROW()-1))-1, "")} -> -0.058388757
B8: 43471 | C8: 43543058 | D8: 8778280 | E8: 3014461 | F8: 2049833 | G8: 1582881 | H8: =IF(C8>0, G8/C8, 0) -> 0.036352086 | I8: {=IF(ROW()-2>7, (G8/INDIRECT("G"&ROW()-7))-1, "")} | J8: {=IF(ROW()-2>7, (C8/INDIRECT("C"&ROW()-7))-1, "")} | K8: {=IF(ROW()-2>7, (H8/INDIRECT("H"&ROW()-7))-1, "")} | L8: =IF(D8>0, D8/C8, 0) -> 0.20159999 | M8: =IF(D8>0, E8/D8, 0) -> 0.34339996 | N8: =IF(E8>0, F8/E8, 0) -> 0.67999984 | O8: =IF(F8>0, G8/F8, 0) -> 0.77219998 | P8: {=IF(ROW()-2>1, (L8/INDIRECT("L"&ROW()-1))-1, "")} -> -0.020408204 | Q8: {=IF(ROW()-2>1, (M8/INDIRECT("M"&ROW()-1))-1, "")} -> 0.030612411 | R8: {=IF(ROW()-2>1, (N8/INDIRECT("N"&ROW()-1))-1, "")} -> -0.047619309 | S8: {=IF(ROW()-2>1, (O8/INDIRECT("O"&ROW()-1))-1, "")} -> 0.010204005
B9: 43472 | C9: 22803207 | D9: 5415761 | E9: 2079652 | F9: 1442239 | G9: 1123504 | H9: =IF(C9>0, G9/C9, 0) -> 0.049269561 | I9: {=IF(ROW()-2>7, (G9/INDIRECT("G"&ROW()-7))-1, "")} | J9: {=IF(ROW()-2>7, (C9/INDIRECT("C"&ROW()-7))-1, "")} | K9: {=IF(ROW()-2>7, (H9/INDIRECT("H"&ROW()-7))-1, "")} | L9: =IF(D9>0, D9/C9, 0) -> 0.23749997 | M9: =IF(D9>0, E9/D9, 0) -> 0.38399996 | N9: =IF(E9>0, F9/E9, 0) -> 0.69350016 | O9: =IF(F9>0, G9/F9, 0) -> 0.77899987 | P9: {=IF(ROW()-2>1, (L9/INDIRECT("L"&ROW()-1))-1, "")} -> 0.17807532 | Q9: {=IF(ROW()-2>1, (M9/INDIRECT("M"&ROW()-1))-1, "")} -> 0.11822948 | R9: {=IF(ROW()-2>1, (N9/INDIRECT("N"&ROW()-1))-1, "")} -> 0.019853419 | S9: {=IF(ROW()-2>1, (O9/INDIRECT("O"&ROW()-1))-1, "")} -> 0.0088058734
B10: 43473 | C10: 21717340 | D10: 5320748 | E10: 2085733 | F10: 1583488 | G10: 1311445 | H10: =IF(C10>0, G10/C10, 0) -> 0.060387 | I10: {=IF(ROW()-2>7, (G10/INDIRECT("G"&ROW()-7))-1, "")} -> 0.031356703 | J10: {=IF(ROW()-2>7, (C10/INDIRECT("C"&ROW()-7))-1, "")} -> 0.041666687 | K10: {=IF(ROW()-2>7, (H10/INDIRECT("H"&ROW()-7))-1, "")} -> -0.0098975841 | L10: =IF(D10>0, D10/C10, 0) -> 0.24499999 | M10: =IF(D10>0, E10/D10, 0) -> 0.39199996 | N10: =IF(E10>0, F10/E10, 0) -> 0.75919976 | O10: =IF(F10>0, G10/F10, 0) -> 0.82820015 | P10: {=IF(ROW()-2>1, (L10/INDIRECT("L"&ROW()-1))-1, "")} -> 0.031579015 | Q10: {=IF(ROW()-2>1, (M10/INDIRECT("M"&ROW()-1))-1, "")} -> 0.020833338 | R10: {=IF(ROW()-2>1, (N10/INDIRECT("N"&ROW()-1))-1, "")} -> 0.094736244 | S10: {=IF(ROW()-2>1, (O10/INDIRECT("O"&ROW()-1))-1, "")} -> 0.063158259
B11: 43474 | C11: 22586034 | D11: 5872368 | E11: 2372437 | F11: 1766516 | G11: 1506485 | H11: =IF(C11>0, G11/C11, 0) -> 0.066699846 | I11: {=IF(ROW()-2>7, (G11/INDIRECT("G"&ROW()-7))-1, "")} -> 0.19454887 | J11: {=IF(ROW()-2>7, (C11/INDIRECT("C"&ROW()-7))-1, "")} -> 0.029703007 | K11: {=IF(ROW()-2>7, (H11/INDIRECT("H"&ROW()-7))-1, "")} -> 0.16009069 | L11: =IF(D11>0, D11/C11, 0) -> 0.25999996 | M11: =IF(D11>0, E11/D11, 0) -> 0.40400006 | N11: =IF(E11>0, F11/E11, 0) -> 0.74459975 | O11: =IF(F11>0, G11/F11, 0) -> 0.85280009 | P11: {=IF(ROW()-2>1, (L11/INDIRECT("L"&ROW()-1))-1, "")} -> 0.061224398 | Q11: {=IF(ROW()-2>1, (M11/INDIRECT("M"&ROW()-1))-1, "")} -> 0.030612494 | R11: {=IF(ROW()-2>1, (N11/INDIRECT("N"&ROW()-1))-1, "")} -> -0.019230791 | S11: {=IF(ROW()-2>1, (O11/INDIRECT("O"&ROW()-1))-1, "")} -> 0.029702889
B12: 43475 | C12: 10641496 | D12: 2740185 | E12: 1063191 | F12: 760607 | G12: 623698 | H12: =IF(C12>0, G12/C12, 0) -> 0.058609992 | I12: {=IF(ROW()-2>7, (G12/INDIRECT("G"&ROW()-7))-1, "")} -> -0.45225024 | J12: {=IF(ROW()-2>7, (C12/INDIRECT("C"&ROW()-7))-1, "")} -> -0.48958335 | K12: {=IF(ROW()-2>7, (H12/INDIRECT("H"&ROW()-7))-1, "")} -> 0.073142422 | L12: =IF(D12>0, D12/C12, 0) -> 0.25749998 | M12: =IF(D12>0, E12/D12, 0) -> 0.38799972 | N12: =IF(E12>0, F12/E12, 0) -> 0.71540015 | O12: =IF(F12>0, G12/F12, 0) -> 0.82000034 | P12: {=IF(ROW()-2>1, (L12/INDIRECT("L"&ROW()-1))-1, "")} -> -0.0096153225 | Q12: {=IF(ROW()-2>1, (M12/INDIRECT("M"&ROW()-1))-1, "")} -> -0.039604798 | R12: {=IF(ROW()-2>1, (N12/INDIRECT("N"&ROW()-1))-1, "")} -> -0.039215165 | S12: {=IF(ROW()-2>1, (O12/INDIRECT("O"&ROW()-1))-1, "")} -> -0.038461237
B13: 43476 | C13: 20631473 | D13: 4951553 | E13: 2000427 | F13: 1431105 | G13: 1126566 | H13: =IF(C13>0, G13/C13, 0) -> 0.054604245 | I13: {=IF(ROW()-2>7, (G13/INDIRECT("G"&ROW()-7))-1, "")} -> -0.13115176 | J13: {=IF(ROW()-2>7, (C13/INDIRECT("C"&ROW()-7))-1, "")} -> -0.05 | K13: {=IF(ROW()-2>7, (H13/INDIRECT("H"&ROW()-7))-1, "")} -> -0.085422909 | L13: =IF(D13>0, D13/C13, 0) -> 0.23999997 | M13: =IF(D13>0, E13/D13, 0) -> 0.40399992 | N13: =IF(E13>0, F13/E13, 0) -> 0.71539976 | O13: =IF(F13>0, G13/F13, 0) -> 0.7872001 | P13: {=IF(ROW()-2>1, (L13/INDIRECT("L"&ROW()-1))-1, "")} -> -0.067961188 | Q13: {=IF(ROW()-2>1, (M13/INDIRECT("M"&ROW()-1))-1, "")} -> 0.041237663 | R13: {=IF(ROW()-2>1, (N13/INDIRECT("N"&ROW()-1))-1, "")} -> -5.4098785e-07 | S13: {=IF(ROW()-2>1, (O13/INDIRECT("O"&ROW()-1))-1, "")} -> -0.040000277
B14: 43477 | C14: 42645263 | D14: 9045060 | E14: 3075320 | F14: 2133042 | G14: 1680410 | H14: =IF(C14>0, G14/C14, 0) -> 0.039404377 | I14: {=IF(ROW()-2>7, (G14/INDIRECT("G"&ROW()-7))-1, "")} -> 0.052871319 | J14: {=IF(ROW()-2>7, (C14/INDIRECT("C"&ROW()-7))-1, "")} -> 0 | K14: {=IF(ROW()-2>7, (H14/INDIRECT("H"&ROW()-7))-1, "")} -> 0.052871319 | L14: =IF(D14>0, D14/C14, 0) -> 0.21209999 | M14: =IF(D14>0, E14/D14, 0) -> 0.33999996 | N14: =IF(E14>0, F14/E14, 0) -> 0.69360002 | O14: =IF(F14>0, G14/F14, 0) -> 0.78779977 | P14: {=IF(ROW()-2>1, (L14/INDIRECT("L"&ROW()-1))-1, "")} -> -0.11624993 | Q14: {=IF(ROW()-2>1, (M14/INDIRECT("M"&ROW()-1))-1, "")} -> -0.15841578 | R14: {=IF(ROW()-2>1, (N14/INDIRECT("N"&ROW()-1))-1, "")} -> -0.030472119 | S14: {=IF(ROW()-2>1, (O14/INDIRECT("O"&ROW()-1))-1, "")} -> 0.00076177681
... B368: 43831 | C368: 21717340 | D368: 5375041 | E368: 2042515 | F368: 1520857 | G368: 1284516 | H368: =IF(C368>0, G368/C368, 0) -> 0.059147023 | I368: {=IF(ROW()-2>7, (G368/INDIRECT("G"&ROW()-7))-1, "")} -> 0.020618704 | J368: {=IF(ROW()-2>7, (C368/INDIRECT("C"&ROW()-7))-1, "")} -> 0.052631579 | K368: {=IF(ROW()-2>7, (H368/INDIRECT("H"&ROW()-7))-1, "")} -> -0.030412231 | L368: =IF(D368>0, D368/C368, 0) -> 0.24749997 | M368: =IF(D368>0, E368/D368, 0) -> 0.37999989 | N368: =IF(E368>0, F368/E368, 0) -> 0.74460016 | O368: =IF(F368>0, G368/F368, 0) -> 0.84460012 | P368: {=IF(ROW()-2>1, (L368/INDIRECT("L"&ROW()-1))-1, "")} -> 0.020618511 | Q368: {=IF(ROW()-2>1, (M368/INDIRECT("M"&ROW()-1))-1, "")} -> -0.040404256 | R368: {=IF(ROW()-2>1, (N368/INDIRECT("N"&ROW()-1))-1, "")} -> 0.051546836 | S368: {=IF(ROW()-2>1, (O368/INDIRECT("O"&ROW()-1))-1, "")} -> -0.019047803
B373: Date
B374: 43466
B375: 43467
B376: 43468
B377: 43469
B378: 43470
B379: 43471
B380: 43472
B381: 43473
B382: 43474
B383: 43475
B384: 43476
B385: 43477
... B739: 43831

Sheet Channel wise traffic
B2: Date | C2: Facebook | D2: Youtube | E2: Twitter | F2: Others | G2: Facebook Traffic Change % | H2: YouTube Traffic Change % | I2: Twitter Traffic Change % | J2: Others Traffic Change %
B3: 43466 | C3: 7505512 | D3: 5629134 | E3: 2293351 | F3: 5420648 | G3: {=IF(ROW()>7, (C3/INDIRECT("C"&ROW()-7)-1)*100, "")} | H3: {=IF(ROW()>7, (D3/INDIRECT("D"&ROW()-7)-1)*100, "")} | I3: {=IF(ROW()>7, (E3/INDIRECT("E"&ROW()-7)-1)*100, "")} | J3: {=IF(ROW()>7, (F3/INDIRECT("F"&ROW()-7)-1)*100, "")}
B4: 43467 | C4: 7896424 | D4: 5922318 | E4: 2412796 | F4: 5702973 | G4: {=IF(ROW()>7, (C4/INDIRECT("C"&ROW()-7)-1)*100, "")} | H4: {=IF(ROW()>7, (D4/INDIRECT("D"&ROW()-7)-1)*100, "")} | I4: {=IF(ROW()>7, (E4/INDIRECT("E"&ROW()-7)-1)*100, "")} | J4: {=IF(ROW()>7, (F4/INDIRECT("F"&ROW()-7)-1)*100, "")}
B5: 43468 | C5: 7505512 | D5: 5629134 | E5: 2293351 | F5: 5420648 | G5: {=IF(ROW()>7, (C5/INDIRECT("C"&ROW()-7)-1)*100, "")} | H5: {=IF(ROW()>7, (D5/INDIRECT("D"&ROW()-7)-1)*100, "")} | I5: {=IF(ROW()>7, (E5/INDIRECT("E"&ROW()-7)-1)*100, "")} | J5: {=IF(ROW()>7, (F5/INDIRECT("F"&ROW()-7)-1)*100, "")}
B6: 43469 | C6: 7818242 | D6: 5863681 | E6: 2388907 | F6: 5646508 | G6: {=IF(ROW()>7, (C6/INDIRECT("C"&ROW()-7)-1)*100, "")} | H6: {=IF(ROW()>7, (D6/INDIRECT("D"&ROW()-7)-1)*100, "")} | I6: {=IF(ROW()>7, (E6/INDIRECT("E"&ROW()-7)-1)*100, "")} | J6: {=IF(ROW()>7, (F6/INDIRECT("F"&ROW()-7)-1)*100, "")}
B7: 43470 | C7: 15352294 | D7: 11514221 | E7: 4690978 | F7: 11087768 | G7: {=IF(ROW()>7, (C7/INDIRECT("C"&ROW()-7)-1)*100, "")} | H7: {=IF(ROW()>7, (D7/INDIRECT("D"&ROW()-7)-1)*100, "")} | I7: {=IF(ROW()>7, (E7/INDIRECT("E"&ROW()-7)-1)*100, "")} | J7: {=IF(ROW()>7, (F7/INDIRECT("F"&ROW()-7)-1)*100, "")}
B8: 43471 | C8: 15675500 | D8: 11756625 | E8: 4789736 | F8: 11321195 | G8: {=IF(ROW()>7, (C8/INDIRECT("C"&ROW()-7)-1)*100, "")} -> #DIV/0! | H8: {=IF(ROW()>7, (D8/INDIRECT("D"&ROW()-7)-1)*100, "")} -> #DIV/0! | I8: {=IF(ROW()>7, (E8/INDIRECT("E"&ROW()-7)-1)*100, "")} -> #DIV/0! | J8: {=IF(ROW()>7, (F8/INDIRECT("F"&ROW()-7)-1)*100, "")} -> #DIV/0!
B9: 43472 | C9: 8209154 | D9: 6156866 | E9: 2508352 | F9: 5928833 | G9: {=IF(ROW()>7, (C9/INDIRECT("C"&ROW()-7)-1)*100, "")} -> #VALUE! | H9: {=IF(ROW()>7, (D9/INDIRECT("D"&ROW()-7)-1)*100, "")} -> #VALUE! | I9: {=IF(ROW()>7, (E9/INDIRECT("E"&ROW()-7)-1)*100, "")} -> #VALUE! | J9: {=IF(ROW()>7, (F9/INDIRECT("F"&ROW()-7)-1)*100, "")} -> #VALUE!
B10: 43473 | C10: 7818242 | D10: 5863681 | E10: 2388907 | F10: 5646508 | G10: {=IF(ROW()>7, (C10/INDIRECT("C"&ROW()-7)-1)*100, "")} -> 4.1666711 | H10: {=IF(ROW()>7, (D10/INDIRECT("D"&ROW()-7)-1)*100, "")} -> 4.1666622 | I10: {=IF(ROW()>7, (E10/INDIRECT("E"&ROW()-7)-1)*100, "")} -> 4.1666539 | J10: {=IF(ROW()>7, (F10/INDIRECT("F"&ROW()-7)-1)*100, "")} -> 4.1666605 | K10: =IF(SUM(G10:J10)=0,0,MAX(C10:F10)) -> 7818242 | L10: =IF(SUM(G10:J10)=0, 0, INDEX(C$2:F$2, MATCH(MAX(C10:F10), C10:F10, 0))) -> Facebook
B11: 43474 | C11: 8130972 | D11: 6098229 | E11: 2484463 | F11: 5872368 | G11: {=IF(ROW()>7, (C11/INDIRECT("C"&ROW()-7)-1)*100, "")} -> 2.9703066 | H11: {=IF(ROW()>7, (D11/INDIRECT("D"&ROW()-7)-1)*100, "")} -> 2.9703066 | I11: {=IF(ROW()>7, (E11/INDIRECT("E"&ROW()-7)-1)*100, "")} -> 2.9702884 | J11: {=IF(ROW()>7, (F11/INDIRECT("F"&ROW()-7)-1)*100, "")} -> 2.9702929 | K11: =IF(SUM(G11:J11)=0,0,MAX(C11:F11)) -> 8130972 | L11: =IF(SUM(G11:J11)=0, 0, INDEX(C$2:F$2, MATCH(MAX(C11:F11), C11:F11, 0))) -> Facebook
B12: 43475 | C12: 387156 | D12: 2873204 | E12: 1170564 | F12: 6210572 | G12: {=IF(ROW()>7, (C12/INDIRECT("C"&ROW()-7)-1)*100, "")} -> -94.841711 | H12: {=IF(ROW()>7, (D12/INDIRECT("D"&ROW()-7)-1)*100, "")} -> -48.95833 | I12: {=IF(ROW()>7, (E12/INDIRECT("E"&ROW()-7)-1)*100, "")} -> -48.958358 | J12: {=IF(ROW()>7, (F12/INDIRECT("F"&ROW()-7)-1)*100, "")} -> 14.572501 | K12: =IF(SUM(G12:J12)=0,0,MAX(C12:F12)) -> 6210572 | L12: =IF(SUM(G12:J12)=0, 0, INDEX(C$2:F$2, MATCH(MAX(C12:F12), C12:F12, 0))) -> Others
B13: 43476 | C13: 7427330 | D13: 5570497 | E13: 2269462 | F13: 5364183 | G13: {=IF(ROW()>7, (C13/INDIRECT("C"&ROW()-7)-1)*100, "")} -> -4.9999987 | H13: {=IF(ROW()>7, (D13/INDIRECT("D"&ROW()-7)-1)*100, "")} -> -4.9999991 | I13: {=IF(ROW()>7, (E13/INDIRECT("E"&ROW()-7)-1)*100, "")} -> -4.9999853 | J13: {=IF(ROW()>7, (F13/INDIRECT("F"&ROW()-7)-1)*100, "")} -> -4.9999929 | K13: =IF(SUM(G13:J13)=0,0,MAX(C13:F13)) -> 7427330 | L13: =IF(SUM(G13:J13)=0, 0, INDEX(C$2:F$2, MATCH(MAX(C13:F13), C13:F13, 0))) -> Facebook
B14: 43477 | C14: 15352294 | D14: 11514221 | E14: 4690978 | F14: 11087768 | G14: {=IF(ROW()>7, (C14/INDIRECT("C"&ROW()-7)-1)*100, "")} -> 0 | H14: {=IF(ROW()>7, (D14/INDIRECT("D"&ROW()-7)-1)*100, "")} -> 0 | I14: {=IF(ROW()>7, (E14/INDIRECT("E"&ROW()-7)-1)*100, "")} -> 0 | J14: {=IF(ROW()>7, (F14/INDIRECT("F"&ROW()-7)-1)*100, "")} -> 0 | K14: =IF(SUM(G14:J14)=0,0,MAX(C14:F14)) -> 0 | L14: =IF(SUM(G14:J14)=0, 0, INDEX(C$2:F$2, MATCH(MAX(C14:F14), C14:F14, 0))) -> 0
B15: 43478 | C15: 16645119 | D15: 12483839 | E15: 5086008 | F15: 12021475 | G15: {=IF(ROW()>7, (C15/INDIRECT("C"&ROW()-7)-1)*100, "")} -> 6.1855698 | H15: {=IF(ROW()>7, (D15/INDIRECT("D"&ROW()-7)-1)*100, "")} -> 6.1855677 | I15: {=IF(ROW()>7, (E15/INDIRECT("E"&ROW()-7)-1)*100, "")} -> 6.1855601 | J15: {=IF(ROW()>7, (F15/INDIRECT("F"&ROW()-7)-1)*100, "")} -> 6.1855661 | K15: =IF(SUM(G15:J15)=0,0,MAX(C15:F15)) -> 16645119 | L15: =IF(SUM(G15:J15)=0, 0, INDEX(C$2:F$2, MATCH(MAX(C15:F15), C15:F15, 0))) -> Facebook
B16: 43479 | C16: 7583695 | D16: 5687771 | E16: 2317240 | F16: 5477113 | G16: {=IF(ROW()>7, (C16/INDIRECT("C"&ROW()-7)-1)*100, "")} -> -7.6190433 | H16: {=IF(ROW()>7, (D16/INDIRECT("D"&ROW()-7)-1)*100, "")} -> -7.6190549 | I16: {=IF(ROW()>7, (E16/INDIRECT("E"&ROW()-7)-1)*100, "")} -> -7.6190264 | J16: {=IF(ROW()>7, (F16/INDIRECT("F"&ROW()-7)-1)*100, "")} -> -7.6190373 | K16: =IF(SUM(G16:J16)=0,0,MAX(C16:F16)) -> 7583695 | L16: =IF(SUM(G16:J16)=0, 0, INDEX(C$2:F$2, MATCH(MAX(C16:F16), C16:F16, 0))) -> Facebook
B17: 43480 | C17: 7661877 | D17: 5746408 | E17: 2341129 | F17: 5533578 | G17: {=IF(ROW()>7, (C17/INDIRECT("C"&ROW()-7)-1)*100, "")} -> -2.000002 | H17: {=IF(ROW()>7, (D17/INDIRECT("D"&ROW()-7)-1)*100, "")} -> -1.9999894 | I17: {=IF(ROW()>7, (E17/INDIRECT("E"&ROW()-7)-1)*100, "")} -> -1.9999941 | J17: {=IF(ROW()>7, (F17/INDIRECT("F"&ROW()-7)-1)*100, "")} -> -1.9999972 | K17: =IF(SUM(G17:J17)=0,0,MAX(C17:F17)) -> 7661877 | L17: =IF(SUM(G17:J17)=0, 0, INDEX(C$2:F$2, MATCH(MAX(C17:F17), C17:F17, 0))) -> Facebook
B18: 43481 | C18: 7583695 | D18: 5687771 | E18: 2317240 | F18: 5477113 | G18: {=IF(ROW()>7, (C18/INDIRECT("C"&ROW()-7)-1)*100, "")} -> -6.7307697 | H18: {=IF(ROW()>7, (D18/INDIRECT("D"&ROW()-7)-1)*100, "")} -> -6.7307738 | I18: {=IF(ROW()>7, (E18/INDIRECT("E"&ROW()-7)-1)*100, "")} -> -6.7307503 | J18: {=IF(ROW()>7, (F18/INDIRECT("F"&ROW()-7)-1)*100, "")} -> -6.7307601 | K18: =IF(SUM(G18:J18)=0,0,MAX(C18:F18)) -> 7583695 | L18: =IF(SUM(G18:J18)=0, 0, INDEX(C$2:F$2, MATCH(MAX(C18:F18), C18:F18, 0))) -> Facebook
B19: 43482 | C19: 8052789 | D19: 6039592 | E19: 2460574 | F19: 5815903 | G19: {=IF(ROW()>7, (C19/INDIRECT("C"&ROW()-7)-1)*100, "")} -> 1979.9856 | H19: {=IF(ROW()>7, (D19/INDIRECT("D"&ROW()-7)-1)*100, "")} -> 110.20408 | I19: {=IF(ROW()>7, (E19/INDIRECT("E"&ROW()-7)-1)*100, "")} -> 110.20414 | J19: {=IF(ROW()>7, (F19/INDIRECT("F"&ROW()-7)-1)*100, "")} -> -6.3547931 | K19: =IF(SUM(G19:J19)=0,0,MAX(C19:F19)) -> 8052789 | L19: =IF(SUM(G19:J19)=0, 0, INDEX(C$2:F$2, MATCH(MAX(C19:F19), C19:F19, 0))) -> Facebook
B20: 43483 | C20: 7974607 | D20: 5980955 | E20: 2436685 | F20: 5759438 | G20: {=IF(ROW()>7, (C20/INDIRECT("C"&ROW()-7)-1)*100, "")} -> 7.3684218 | H20: {=IF(ROW()>7, (D20/INDIRECT("D"&ROW()-7)-1)*100, "")} -> 7.3684269 | I20: {=IF(ROW()>7, (E20/INDIRECT("E"&ROW()-7)-1)*100, "")} -> 7.3683983 | J20: {=IF(ROW()>7, (F20/INDIRECT("F"&ROW()-7)-1)*100, "")} -> 7.3684101 | K20: =IF(SUM(G20:J20)=0,0,MAX(C20:F20)) -> 7974607 | L20: =IF(SUM(G20:J20)=0, 0, INDEX(C$2:F$2, MATCH(MAX(C20:F20), C20:F20, 0))) -> Facebook
B21: 43484 | C21: 15352294 | D21: 11514221 | E21: 4690978 | F21: 11087768 | G21: {=IF(ROW()>7, (C21/INDIRECT("C"&ROW()-7)-1)*100, "")} -> 0 | H21: {=IF(ROW()>7, (D21/INDIRECT("D"&ROW()-7)-1)*100, "")} -> 0 | I21: {=IF(ROW()>7, (E21/INDIRECT("E"&ROW()-7)-1)*100, "")} -> 0 | J21: {=IF(ROW()>7, (F21/INDIRECT("F"&ROW()-7)-1)*100, "")} -> 0 | K21: =IF(SUM(G21:J21)=0,0,MAX(C21:F21)) -> 0 | L21: =IF(SUM(G21:J21)=0, 0, INDEX(C$2:F$2, MATCH(MAX(C21:F21), C21:F21, 0))) -> 0
... B368: 43831 | C368: 7818242 | D368: 5863681 | E368: 2388907 | F368: 5646508 | G368: {=IF(ROW()>7, (C368/INDIRECT("C"&ROW()-7)-1)*100, "")} -> 5.2631565 | H368: {=IF(ROW()>7, (D368/INDIRECT("D"&ROW()-7)-1)*100, "")} -> 5.2631569 | I368: {=IF(ROW()>7, (E368/INDIRECT("E"&ROW()-7)-1)*100, "")} -> 5.2631417 | J368: {=IF(ROW()>7, (F368/INDIRECT("F"&ROW()-7)-1)*100, "")} -> 5.26315 | K368: =IF(SUM(G368:J368)=0,0,MAX(C368:F368)) -> 7818242 | L368: =IF(SUM(G368:J368)=0, 0, INDEX(C$2:F$2, MATCH(MAX(C368:F368), C368:F368, 0))) -> Facebook

Sheet Sheet1
A3: Row Labels | B3: Average of Average Discount | C3: Average of Out of stock Items per restaurant | D3: Average of Success Rate of payments
A4: 1/1/2019 - 1/7/2019 | B4: 0.18142857 | C4: 32.571429 | D4: 0.93714286
A5: 1/8/2019 - 1/14/2019 | B5: 0.18142857 | C5: 36.285714 | D5: 0.93142857
A6: 1/15/2019 - 1/21/2019 | B6: 0.17571429 | C6: 35.571429 | D6: 0.92285714
A7: 1/22/2019 - 1/28/2019 | B7: 0.17857143 | C7: 34.714286 | D7: 0.93
A8: 1/29/2019 - 2/4/2019 | B8: 0.17714286 | C8: 34.571429 | D8: 0.93428571
A9: 2/5/2019 - 2/11/2019 | B9: 0.17857143 | C9: 34.571429 | D9: 0.93428571
A10: 2/12/2019 - 2/18/2019 | B10: 0.17857143 | C10: 35 | D10: 0.92857143
A11: 2/19/2019 - 2/25/2019 | B11: 0.17857143 | C11: 34.285714 | D11: 0.92285714
A12: 2/26/2019 - 3/4/2019 | B12: 0.18 | C12: 34 | D12: 0.94285714
A13: 3/5/2019 - 3/11/2019 | B13: 0.18142857 | C13: 33.714286 | D13: 0.94142857
A14: 3/12/2019 - 3/18/2019 | B14: 0.17857143 | C14: 33.571429 | D14: 0.93142857
A15: 3/19/2019 - 3/25/2019 | B15: 0.18 | C15: 36.857143 | D15: 0.89
... A57: Grand Total | B57: 0.18008197 | C57: 34.994536 | D57: 0.93030055

Sheet Supporting Data
K1: Conversion Rates | O1: Average Discount Conversion | S1: Out-of-stock items and C2P Conversion Rate | W1: Success Rate of Payments conversions Rate
B2: Date | C2: Count of restaurants | D2: Average Discount | E2: Out of stock Items per restaurant | F2: Avearge Packaging charges | G2: Average Delivery Charges | H2: Avg Cost for two | I2: Number of images per restaurant | J2: Success Rate of payments | K2: ='Session Details'!L2 -> L2M | L2: ='Session Details'!M2 -> M2C | M2: ='Session Details'!N2 -> C2P | N2: ='Session Details'!O2 -> P2O | O2: Average L2M Conversion Rate | P2: Average M2C Conversion Rate | Q2: Average C2P Conversion Rate | R2: Average P2O Conversion Rate | S2: OOS L2M Conversion Rate | T2: OOS M2C Conversion Rate | U2: OOS C2P Conversion Rate | V2: OOS P2O Conversion Rate | W2: SRP L2M Conversion Rate | X2: SRP M2C Conversion Rate | Y2: SRP C2P Conversion Rate | Z2: SRP P2O Conversion Rate
B3: 43466 | C3: 385075 | D3: 0.17 | E3: 37 | F3: 22 | G3: 26 | H3: 364 | I3: 32 | J3: 0.95 | K3: ='Session Details'!L3 -> 0.24499999 | L3: ='Session Details'!M3 -> 0.41199996 | M3: ='Session Details'!N3 -> 0.71539995 | N3: ='Session Details'!O3 -> 0.84460023 | O3: =CORREL($D3:$D368,K3:K368) -> 0.013005985 | P3: =CORREL($D3:$D368,L3:L368) -> 0.31093145 | Q3: =CORREL($D3:$D368,M3:M368) -> 0.0020468755 | R3: =CORREL($D3:$D368,N3:N368) -> -0.045859368 | S3: =CORREL($E3:$E368,K3:K368) -> -0.061735345 | T3: =CORREL($E3:$E368,L3:L368) -> -0.35332763 | U3: =CORREL($E3:$E368,M3:M368) -> -0.018063218 | V3: =CORREL($E3:$E368,N3:N368) -> -0.053481086 | W3: =CORREL($J3:$J368,K3:K368) -> -0.058434517 | X3: =CORREL($J3:$J368,L3:L368) -> -0.045449106 | Y3: =CORREL($J3:$J368,M3:M368) -> -0.039224429 | Z3: =CORREL($J3:$J368,N3:N368) -> 0.41392335
B4: 43467 | C4: 388232 | D4: 0.19 | E4: 31 | F4: 17 | G4: 28 | H4: 360 | I4: 35 | J4: 0.95 | K4: ='Session Details'!L4 -> 0.2475 | L4: ='Session Details'!M4 -> 0.39999985 | M4: ='Session Details'!N4 -> 0.72270018 | N4: ='Session Details'!O4 -> 0.80359957
B5: 43468 | C5: 399964 | D5: 0.18 | E5: 30 | F5: 22 | G5: 29 | H5: 370 | I5: 31 | J5: 0.94 | K5: ='Session Details'!L5 -> 0.24999998 | L5: ='Session Details'!M5 -> 0.38400003 | M5: ='Session Details'!N5 -> 0.70079991 | N5: ='Session Details'!O5 -> 0.81179998
B6: 43469 | C6: 408471 | D6: 0.17 | E6: 30 | F6: 19 | G6: 26 | H6: 386 | I6: 40 | J6: 0.94 | K6: ='Session Details'!L6 -> 0.26249997 | L6: ='Session Details'!M6 -> 0.40399989 | M6: ='Session Details'!N6 -> 0.69350009 | N6: ='Session Details'!O6 -> 0.81180003
B7: 43470 | C7: 384771 | D7: 0.19 | E7: 31 | F7: 22 | G7: 27 | H7: 390 | I7: 33 | J7: 0.92 | K7: ='Session Details'!L7 -> 0.2058 | L7: ='Session Details'!M7 -> 0.33319991 | M7: ='Session Details'!N7 -> 0.71400003 | N7: ='Session Details'!O7 -> 0.76440004
B8: 43471 | C8: 390787 | D8: 0.19 | E8: 33 | F8: 18 | G8: 26 | H8: 360 | I8: 36 | J8: 0.93 | K8: ='Session Details'!L8 -> 0.20159999 | L8: ='Session Details'!M8 -> 0.34339996 | M8: ='Session Details'!N8 -> 0.67999984 | N8: ='Session Details'!O8 -> 0.77219998
B9: 43472 | C9: 388351 | D9: 0.18 | E9: 36 | F9: 19 | G9: 30 | H9: 381 | I9: 34 | J9: 0.93 | K9: ='Session Details'!L9 -> 0.23749997 | L9: ='Session Details'!M9 -> 0.38399996 | M9: ='Session Details'!N9 -> 0.69350016 | N9: ='Session Details'!O9 -> 0.77899987
B10: 43473 | C10: 387624 | D10: 0.17 | E10: 39 | F10: 22 | G10: 25 | H10: 359 | I10: 37 | J10: 0.95 | K10: ='Session Details'!L10 -> 0.24499999 | L10: ='Session Details'!M10 -> 0.39199996 | M10: ='Session Details'!N10 -> 0.75919976 | N10: ='Session Details'!O10 -> 0.82820015
B11: 43474 | C11: 399127 | D11: 0.18 | E11: 40 | F11: 22 | G11: 30 | H11: 359 | I11: 38 | J11: 0.93 | K11: ='Session Details'!L11 -> 0.25999996 | L11: ='Session Details'!M11 -> 0.40400006 | M11: ='Session Details'!N11 -> 0.74459975 | N11: ='Session Details'!O11 -> 0.85280009
B12: 43475 | C12: 400812 | D12: 0.19 | E12: 32 | F12: 22 | G12: 27 | H12: 399 | I12: 34 | J12: 0.92 | K12: ='Session Details'!L12 -> 0.25749998 | L12: ='Session Details'!M12 -> 0.38799972 | M12: ='Session Details'!N12 -> 0.71540015 | N12: ='Session Details'!O12 -> 0.82000034
B13: 43476 | C13: 382806 | D13: 0.19 | E13: 36 | F13: 17 | G13: 26 | H13: 392 | I13: 38 | J13: 0.91 | K13: ='Session Details'!L13 -> 0.23999997 | L13: ='Session Details'!M13 -> 0.40399992 | M13: ='Session Details'!N13 -> 0.71539976 | N13: ='Session Details'!O13 -> 0.7872001
B14: 43477 | C14: 406488 | D14: 0.18 | E14: 37 | F14: 21 | G14: 30 | H14: 363 | I14: 33 | J14: 0.95 | K14: ='Session Details'!L14 -> 0.21209999 | L14: ='Session Details'!M14 -> 0.33999996 | M14: ='Session Details'!N14 -> 0.69360002 | N14: ='Session Details'!O14 -> 0.78779977
B15: 43478 | C15: 402450 | D15: 0.17 | E15: 34 | F15: 20 | G15: 28 | H15: 390 | I15: 37 | J15: 0.92 | K15: ='Session Details'!L15 -> 0.21209999 | L15: ='Session Details'!M15 -> 0.33659993 | M15: ='Session Details'!N15 -> 0.66640008 | N15: ='Session Details'!O15 -> 0.74099968
... B368: 43831 | C368: 385535 | D368: 0.17 | E368: 31 | F368: 20 | G368: 28 | H368: 397 | I368: 33 | J368: 0.93 | K368: ='Session Details'!L368 -> 0.24749997 | L368: ='Session Details'!M368 -> 0.37999989 | M368: ='Session Details'!N368 -> 0.74460016 | N368: ='Session Details'!O368 -> 0.84460012
